"ID","Phase","Experiment","Stress","herbivory","soil_inocula","plant_pathway_induced","Phytohormones","treatment","weight_mg","SA","JA","ABA","sum_JA_Ile","cis_OPDA","OH_JA","OH_JA_Ile","COOH_JA_Ile"
"136","feedback","simulated","Aphid","aphid","control-conditioned","NA","1","control_plant",13.2,273.554199927052,1445.09955860052,135.199089320149,166.55004381237,154.182044374388,31.572712811718,0,0
"137","feedback","simulated","Aphid","aphid","control-conditioned","NA","1","control_plant",15.3,641.6345809191,1266.13508603342,186.122819264404,155.290083069079,211.116245974634,22.0065579542704,0,0
"138","feedback","simulated","Aphid","aphid","control-conditioned","NA","1","control_plant",18.5,34.2842132680859,377.996638103765,150.884816197581,11.7521066426176,907.546009384909,19.1792215264632,0,0
"139","feedback","simulated","Aphid","aphid","control-conditioned","NA","1","control_plant",14.5,21.4776098440416,312.654137206032,315.95547354096,10.9089853210193,619.79350517069,0,0,0
"140","feedback","simulated","Aphid","aphid","control-conditioned","NA","1","control_plant",NA,NA,NA,NA,NA,NA,NA,NA,NA
"141","feedback","simulated","Aphid","aphid","control-conditioned","NA","1","control_plant",15.3,382.090006198059,1255.04138870206,73.2089031681393,173.665833745211,704.470117137936,33.0613168597136,0,0
"142","feedback","simulated","Aphid","aphid","control-conditioned","NA","1","control_plant",12.4,36.5756540191595,529.296548636977,388.720290838264,17.5013047716735,938.63522433272,0,0,0
"143","feedback","simulated","Aphid","aphid","control-conditioned","NA","1","control_plant",19.4,90.1321872636374,216.360571581935,142.496631351688,5.00716165596801,1299.79933439727,0,0,0
"144","feedback","simulated","Aphid","aphid","control-conditioned","NA","1","control_plant",16.5,50.8029265791532,375.460901084466,218.05443367591,19.376906853594,968.300853588219,0,0,0
"145","feedback","simulated","Aphid","aphid","control-conditioned","NA","1","control_plant",18.3,923.045887707608,1725.33436017544,297.512233838968,149.105988569806,661.774014217041,31.1153596673934,0,0
"146","feedback","simulated","Chewer","caterpillar","control-conditioned","NA","1","control_plant",NA,NA,NA,NA,NA,NA,NA,NA,NA
"147","feedback","simulated","Chewer","caterpillar","control-conditioned","NA","1","control_plant",15.7,20.96417282429,720.195206732731,351.991925618211,23.6283944163386,3002.21380237788,426.231586504319,13.2115753725764,24.4701575713901
"148","feedback","simulated","Chewer","caterpillar","control-conditioned","NA","1","control_plant",14.1,169.48711991676,521.90728662633,298.920731860983,16.3113233147777,3789.04327277169,829.532861433847,20.9622972376614,25.4787506840062
"149","feedback","simulated","Chewer","caterpillar","control-conditioned","NA","1","control_plant",16.2,48.1206793766094,869.988573062918,414.777805689295,20.3673549357458,2661.51847399798,360.194730117872,8.57337959437725,13.1625425872032
"150","feedback","simulated","Chewer","caterpillar","control-conditioned","NA","1","control_plant",16.5,59.8710031249464,866.929444039506,267.238928525591,19.5856528031083,2204.32774218396,409.378583193785,9.36203620167808,22.8813155344005
"151","feedback","simulated","Chewer","caterpillar","control-conditioned","NA","1","control_plant",16,36.4242109079457,2001.88179811886,620.713803112595,59.1397849462366,2467.35589301666,727.168829804004,62.6097090731202,37.0133233576012
"152","feedback","simulated","Chewer","caterpillar","control-conditioned","NA","1","control_plant",10.8,321.739359684933,823.447299397792,260.127662187329,18.3476031081763,1866.91141260177,329.538623468809,0,15.9859265067234
"153","feedback","simulated","Chewer","caterpillar","control-conditioned","NA","1","control_plant",19,46.3448299493826,740.0720264069,384.773278369777,17.9328990925445,2241.45677511431,537.19347394572,18.3947085038005,14.8366769034419
"154","feedback","simulated","Chewer","caterpillar","control-conditioned","NA","1","control_plant",16.6,43.5419758988972,1109.20806609156,605.280772629322,42.4438430566334,3335.01673319128,748.154038135317,77.0181369422403,16.9113131295065
"155","feedback","simulated","Chewer","caterpillar","control-conditioned","NA","1","control_plant",18.7,34.2680974661625,1352.38484989631,430.201950660959,40.5857159300712,2085.54576017556,497.835611115098,44.4779039145803,18.3679863718242
"156","feedback","simulated","Control","without","control-conditioned","NA","1","control_plant",12.6,262.879589061792,147.608667560623,65.7944479510948,2.81043386184032,1367.98578143834,0,0,0
"157","feedback","simulated","Control","without","control-conditioned","NA","1","control_plant",11.4,55.9070430503991,271.622649461012,66.2480922044628,7.47137918813238,1422.31452709708,0,0,0
"158","feedback","simulated","Control","without","control-conditioned","NA","1","control_plant",19.7,73.6085133489498,589.752249717181,373.801113925275,36.6097767601234,762.337639676766,0,0,0
"159","feedback","simulated","Control","without","control-conditioned","NA","1","control_plant",23.6,NA,NA,NA,NA,NA,NA,NA,NA
"160","feedback","simulated","Control","without","control-conditioned","NA","1","control_plant",18.9,145.46406531927,195.589586389421,359.118703589495,2.72185552779695,1040.85349986989,0,0,0
"161","feedback","simulated","Control","without","control-conditioned","NA","1","control_plant",18.4,127.812865016506,975.596129842291,405.505069598574,66.742358253654,669.000366080105,0,0,0
"162","feedback","simulated","Control","without","control-conditioned","NA","1","control_plant",15.8,92.6474661600089,128.005406363893,274.395759727911,2.16307234706237,1112.84710727484,0,0,0
"163","feedback","simulated","Control","without","control-conditioned","NA","1","control_plant",NA,NA,NA,NA,NA,NA,NA,NA,NA
"164","feedback","simulated","Control","without","control-conditioned","NA","1","control_plant",19.3,106.858070319493,112.534957875758,176.521095137361,1.5565680181538,1187.39219452158,0,0,0
"165","feedback","simulated","Control","without","control-conditioned","NA","1","control_plant",19.6,68.8202506622388,695.915792440889,421.196405939755,32.4278379131972,781.13163055248,12.1833712567303,0,0
"166","feedback","simulated","Aphid","aphid","non-conditioned","NA","1","control_live",13.1,185.457550613806,411.785990700481,133.322817059992,16.3260782684702,875.256239558621,0,0,0
"167","feedback","simulated","Aphid","aphid","non-conditioned","NA","1","control_live",18.2,793.532360683674,932.665410851601,1439.05582877746,118.849047557689,309.579805285748,33.3407574905342,0,0
"168","feedback","simulated","Aphid","aphid","non-conditioned","NA","1","control_live",13.5,322.052304702641,1294.55943377549,1362.92005256524,104.065255731922,409.172098786589,0,0,0
"169","feedback","simulated","Aphid","aphid","non-conditioned","NA","1","control_live",16.8,807.982616069967,554.754038513027,379.790299764384,30.5318840696453,439.185599116172,0,0,0
"170","feedback","simulated","Aphid","aphid","non-conditioned","NA","1","control_live",19.1,85.5223606663654,476.199504893534,691.434090031391,19.3414248828111,620.230961491612,0,0,0
"171","feedback","simulated","Aphid","aphid","non-conditioned","NA","1","control_live",14.4,2380.54510937544,1293.57168685727,920.887298134172,92.656829781063,576.858193723892,14.86494460255,0,2.8920598953091
"172","feedback","simulated","Aphid","aphid","non-conditioned","NA","1","control_live",15.2,33.8871857264935,331.087573562526,985.711599278926,22.8286386722644,677.826748361684,0,0,0
"173","feedback","simulated","Aphid","aphid","non-conditioned","NA","1","control_live",19,520.51030736152,728.286696175285,341.02783826408,61.3841513208435,321.809340881796,0,0,0
"174","feedback","simulated","Aphid","aphid","non-conditioned","NA","1","control_live",10.9,468.362932003456,362.071567115604,334.877332367551,20.3884756907461,824.430929706518,0,0,0
"175","feedback","simulated","Aphid","aphid","non-conditioned","NA","1","control_live",18.1,643.980390190645,1066.19083931885,406.466363558978,94.7783894813383,308.332191879075,0,0,0
"176","feedback","simulated","Chewer","caterpillar","non-conditioned","NA","1","control_live",10.8,118.652297501472,2759.04818975827,241.655533935185,54.0425597166405,2341.3620246974,1227.90122450499,27.9524110663466,65.7703789796391
"177","feedback","simulated","Chewer","caterpillar","non-conditioned","NA","1","control_live",13.1,103.850171794365,1768.24477391595,332.580851855021,70.6121103009861,1991.89857186567,1853.92156055083,34.1499154134886,53.1036001928651
"178","feedback","simulated","Chewer","caterpillar","non-conditioned","NA","1","control_live",14.2,248.964264550509,753.729066102108,253.745721058466,21.3324809506358,2833.3694065433,879.717798914347,19.8574235272232,57.2379564067544
"179","feedback","simulated","Chewer","caterpillar","non-conditioned","NA","1","control_live",17.4,120.840564152416,1096.95611326813,649.715957500693,25.0495350408158,1885.43729788614,393.594974101642,27.1751512151402,11.5747652864096
"180","feedback","simulated","Chewer","caterpillar","non-conditioned","NA","1","control_live",19.9,80.1107712934526,574.427026470543,338.510315609385,19.9605009607974,1731.45445766725,315.344704092103,10.1486439552494,23.6612412801918
"181","feedback","simulated","Chewer","caterpillar","non-conditioned","NA","1","control_live",14.4,316.779219406731,909.016403639139,492.192697937458,27.2062500136468,3008.60830667934,1430.3516717194,42.4087793651729,51.0526591598378
"182","feedback","simulated","Chewer","caterpillar","non-conditioned","NA","1","control_live",NA,NA,NA,NA,NA,NA,NA,NA,NA
"183","feedback","simulated","Chewer","caterpillar","non-conditioned","NA","1","control_live",18.1,39.1526146741909,1929.84706967286,510.910305131188,62.7259102734281,892.718275873734,728.066739474759,17.8055736507553,12.080957229121
"184","feedback","simulated","Chewer","caterpillar","non-conditioned","NA","1","control_live",14.4,41.1189462455765,710.145436147594,360.912304640174,21.8268696107932,2003.40267359192,809.195114889585,12.8157034270101,10.8894901654043
"185","feedback","simulated","Chewer","caterpillar","non-conditioned","NA","1","control_live",15.6,51.5719863678426,970.88318801396,496.524511054721,35.2270447207951,1827.83818226187,680.066907595988,18.2655886696133,15.2320627963052
"186","feedback","simulated","Control","without","non-conditioned","NA","1","control_live",10.8,18.8404617346638,424.776794919747,164.363114296457,20.0088520557875,915.299950487603,89.5847800274094,17.6079322969126,39.1271552395888
"187","feedback","simulated","Control","without","non-conditioned","NA","1","control_live",11.3,54.5694730819766,738.237433840324,3151.06168239323,24.3260840671308,830.857122415765,0,0,0
"188","feedback","simulated","Control","without","non-conditioned","NA","1","control_live",14.7,41.6265132326011,137.023461564456,404.478737131545,3.76304762333905,684.482450085302,0,0,0
"189","feedback","simulated","Control","without","non-conditioned","NA","1","control_live",19.4,27.7587216605704,363.9059530263,495.460002888898,10.0033076572513,842.453602421326,0,0,0
"190","feedback","simulated","Control","without","non-conditioned","NA","1","control_live",16.2,37.024877392317,93.8873577367362,265.553919207573,2.42070985436316,720.412252586233,0,0,0
"191","feedback","simulated","Control","without","non-conditioned","NA","1","control_live",10.7,84.5482716802873,367.885342952479,442.226863563492,15.5065309367053,778.302557946133,0,0,0
"192","feedback","simulated","Control","without","non-conditioned","NA","1","control_live",18.3,17.3523251058875,223.704448277691,286.757786052109,6.72141327555667,713.084868245482,0,0,0
"193","feedback","simulated","Control","without","non-conditioned","NA","1","control_live",19.9,10.0788753761066,81.369287454871,190.338102539279,1.58936320650864,666.465320060053,0,0,0
"194","feedback","simulated","Control","without","non-conditioned","NA","1","control_live",18.5,70.4224984660475,97.124237436698,187.798605331196,2.16184454519107,542.579408120319,0,0,0
"195","feedback","simulated","Control","without","non-conditioned","NA","1","control_live",15.7,21.3025000268836,142.533048775348,423.454040429529,2.55754408988341,744.615949537204,0,0,0
"196","feedback","simulated","Aphid","aphid","JA-conditioned","NA","1","MeJA",14.7,1841.15543425608,1002.72663106198,166.572567909077,218.824980454533,164.747889571142,33.495540468114,0,0
"197","feedback","simulated","Aphid","aphid","JA-conditioned","NA","1","MeJA",17.3,682.908454693468,1581.75619954897,367.973708584049,298.577522875837,258.727347543564,49.4984692310608,0,0
"198","feedback","simulated","Aphid","aphid","JA-conditioned","NA","1","MeJA",19.9,77.020991421685,624.105455761094,220.879816865519,56.7803873586859,266.720309171212,0,0,0
"199","feedback","simulated","Aphid","aphid","JA-conditioned","NA","1","MeJA",18.8,576.616868251487,1078.90274363466,1134.16458513044,235.412985572478,157.779154169874,30.3516401406407,0,0
"200","feedback","simulated","Aphid","aphid","JA-conditioned","NA","1","MeJA",16.5,16.8094216449655,502.35550417227,807.707399050627,30.7120236361347,457.809341795846,0,0,0
"201","feedback","simulated","Aphid","aphid","JA-conditioned","NA","1","MeJA",16.2,291.876148795723,883.051357535145,265.493323270451,66.1384253677407,338.634559930409,0,0,0
"202","feedback","simulated","Aphid","aphid","JA-conditioned","NA","1","MeJA",19.6,149.888266107915,1084.22588517143,696.966628899279,112.626139595677,180.646969996241,0,0,0
"203","feedback","simulated","Aphid","aphid","JA-conditioned","NA","1","MeJA",19.9,134.062486686614,743.82772037155,423.608292061766,49.6891691108063,352.972916141172,0,0,0
"204","feedback","simulated","Aphid","aphid","JA-conditioned","NA","1","MeJA",17.4,64.4684684799689,365.128687772266,409.1180865995,14.8108705909572,509.421437173015,0,0,0
"205","feedback","simulated","Aphid","aphid","JA-conditioned","NA","1","MeJA",16,870.669095429045,1387.77526462254,701.135213184406,263.493540352203,227.931179079253,33.8005260683381,0,0
"206","feedback","simulated","Chewer","caterpillar","JA-conditioned","NA","1","MeJA",13.4,181.269896850516,1436.99486499431,315.368321958108,46.4459084941244,2493.22992167446,1336.73290791725,32.634275575374,38.1380246498079
"207","feedback","simulated","Chewer","caterpillar","JA-conditioned","NA","1","MeJA",18.9,238.016033591569,1058.56025747404,320.885881438403,45.8188396837718,1746.0942733126,1084.92814484618,16.5612431969228,30.3152926900571
"208","feedback","simulated","Chewer","caterpillar","JA-conditioned","NA","1","MeJA",NA,NA,NA,NA,NA,NA,NA,NA,NA
"209","feedback","simulated","Chewer","caterpillar","JA-conditioned","NA","1","MeJA",19.6,109.387227329089,1789.86392879862,758.136107734999,103.981775538198,1805.83988908497,794.042318013809,75.6748968688011,29.953219261441
"210","feedback","simulated","Chewer","caterpillar","JA-conditioned","NA","1","MeJA",18.5,83.5006192390919,1232.85617145465,532.408575247187,45.8922697742502,2341.84131577727,565.560704462529,42.2489880835207,26.0641258187396
"211","feedback","simulated","Chewer","caterpillar","JA-conditioned","NA","1","MeJA",15.3,111.312539653897,702.174413310805,419.067087810008,26.7028671405182,2519.86760635092,1508.18665207507,27.2759550521092,22.2974116086846
"212","feedback","simulated","Chewer","caterpillar","JA-conditioned","NA","1","MeJA",17.8,245.85074890003,1596.32821063681,253.836368795784,52.8577443875629,2225.48329530796,1412.68270353675,20.8009219245174,45.0900870952729
"213","feedback","simulated","Chewer","caterpillar","JA-conditioned","NA","1","MeJA",11.3,94.8429261513526,650.838034373775,410.233364146087,25.9554602423084,1526.89868524555,1031.85424628635,25.975240854712,14.2420409306201
"214","feedback","simulated","Chewer","caterpillar","JA-conditioned","NA","1","MeJA",13.6,251.427226979645,1085.90659357562,592.137748681926,30.9942147687833,1300.05014242911,724.354300866879,18.488089107849,22.0612678681159
"215","feedback","simulated","Chewer","caterpillar","JA-conditioned","NA","1","MeJA",NA,NA,NA,NA,NA,NA,NA,NA,NA
"216","feedback","simulated","Control","without","JA-conditioned","NA","1","MeJA",13.6,93.6001128773325,220.072354960793,105.618025476348,3.85840874390541,840.610538886401,0,0,0
"217","feedback","simulated","Control","without","JA-conditioned","NA","1","MeJA",17.4,53.6853682196932,156.987521854008,355.818176851842,3.13041992618657,718.609233608865,0,0,0
"218","feedback","simulated","Control","without","JA-conditioned","NA","1","MeJA",16.3,31.8883159287348,170.133148626055,207.06572225263,5.94697986795739,804.519413301325,0,0,0
"219","feedback","simulated","Control","without","JA-conditioned","NA","1","MeJA",19.1,46.2673676456592,193.530809157313,206.392775586776,4.61323013190378,566.925720842961,0,0,0
"220","feedback","simulated","Control","without","JA-conditioned","NA","1","MeJA",NA,NA,NA,NA,NA,NA,NA,NA,NA
"221","feedback","simulated","Control","without","JA-conditioned","NA","1","MeJA",16,103.034124286835,423.663267925671,641.05800741615,15.0367332311307,758.496303951448,0,0,0
"222","feedback","simulated","Control","without","JA-conditioned","NA","1","MeJA",18.3,NA,NA,NA,NA,NA,NA,NA,NA
"223","feedback","simulated","Control","without","JA-conditioned","NA","1","MeJA",13.2,40.9471753030837,126.167883743641,298.873001470192,1.33914636827066,816.981746274676,0,0,0
"224","feedback","simulated","Control","without","JA-conditioned","NA","1","MeJA",23,NA,NA,NA,NA,NA,NA,NA,NA
"225","feedback","simulated","Control","without","JA-conditioned","NA","1","MeJA",18,26.2940822640341,253.508304326065,192.866831799953,6.44843011831598,830.326417604138,0,0,0
"226","feedback","simulated","Aphid","aphid","SA-conditioned","NA","1","SA",13.7,64.017508729834,333.41108850118,421.816351197391,20.7507193085276,286.952892505533,0,0,0
"227","feedback","simulated","Aphid","aphid","SA-conditioned","NA","1","SA",12.8,47.0940237106695,730.732475036428,136.994947451554,135.258083905444,275.557304249642,23.6941039922791,0,0
"228","feedback","simulated","Aphid","aphid","SA-conditioned","NA","1","SA",15.5,63.8867566220528,1005.10656854998,144.742241255024,105.210664021658,440.741917759886,0,0,0
"229","feedback","simulated","Aphid","aphid","SA-conditioned","NA","1","SA",18.6,46.0104934037997,1005.8488403452,563.65258455398,142.483354302222,240.475584612172,19.0439372585865,0,0
"230","feedback","simulated","Aphid","aphid","SA-conditioned","NA","1","SA",14.3,98.238132019614,783.434433052577,326.155041198683,152.408515191167,339.299297873702,27.0312697991476,0,0
"231","feedback","simulated","Aphid","aphid","SA-conditioned","NA","1","SA",14.8,145.377786836596,278.261898216637,322.861659216604,6.67566200837367,835.558644367179,0,0,0
"232","feedback","simulated","Aphid","aphid","SA-conditioned","NA","1","SA",18.2,46.3861620504464,57.9299428451761,37.5216409139283,4.13283595539584,60.2688982839954,42.6587396021872,0.777503365471788,0
"233","feedback","simulated","Aphid","aphid","SA-conditioned","NA","1","SA",19.4,37.8786118273611,32.0206585521326,31.8801320266357,1.4840476892738,64.0777871026161,53.4771742486071,0.627726773213611,0
"234","feedback","simulated","Aphid","aphid","SA-conditioned","NA","1","SA",18.8,45.9281817071807,41.1370122417574,29.3025932767254,6.11055156251975,53.8950272634955,24.8827469813837,0,0
"235","feedback","simulated","Aphid","aphid","SA-conditioned","NA","1","SA",12.2,36.8128997218017,25.4271830768014,86.7958660056518,3.48466113565909,75.3361543522583,31.7101198711466,0,0
"236","feedback","simulated","Chewer","caterpillar","SA-conditioned","NA","1","SA",17.1,55.6000788574952,851.641242884839,214.133648813138,20.4700314349437,945.439007851677,494.557625437924,15.4540505417698,14.8745236464535
"237","feedback","simulated","Chewer","caterpillar","SA-conditioned","NA","1","SA",18.4,77.9328664022278,449.64150186337,223.843798392833,9.89212869188374,851.544455443032,491.115715756907,10.7720971813948,9.98633944133026
"238","feedback","simulated","Chewer","caterpillar","SA-conditioned","NA","1","SA",17.1,70.5167619056026,1563.10942446825,421.681081250543,67.7270904687348,1201.47186788132,1052.15966477523,62.9991997326726,54.9686891371755
"239","feedback","simulated","Chewer","caterpillar","SA-conditioned","NA","1","SA",16.9,51.3083205890175,1434.34106112711,378.99596416004,75.2152935821575,874.078328524888,513.960631949795,21.4961661006267,17.1019222016036
"240","feedback","simulated","Chewer","caterpillar","SA-conditioned","NA","1","SA",15.6,31.9908616996834,1706.13715346544,528.836619368393,48.9761389550955,1375.27496641574,841.419794373087,61.1693171013975,15.9962589394416
"241","feedback","simulated","Chewer","caterpillar","SA-conditioned","NA","1","SA",12.6,128.565658055105,496.802716657878,289.260192252173,13.1402140607515,2304.27300558841,1049.95069289563,33.2161964049159,34.0477808674679
"242","feedback","simulated","Chewer","caterpillar","SA-conditioned","NA","1","SA",17.1,26.1529153318894,712.654920001783,404.46395754795,23.9285695082797,2541.22812109055,907.730300609877,22.37912120727,28.9029923373422
"243","feedback","simulated","Chewer","caterpillar","SA-conditioned","NA","1","SA",19.1,85.0589191877652,1168.83168444942,494.986437195469,44.171330356692,1016.58195584276,321.187568710728,43.2142585543781,19.9899739328668
"244","feedback","simulated","Chewer","caterpillar","SA-conditioned","NA","1","SA",13.6,153.29865167388,80.2572825321836,31.4317969296373,4.26908216351582,69.1353524539642,115.596318425881,4.53606835062136,1.86890330973877
"245","feedback","simulated","Chewer","caterpillar","SA-conditioned","NA","1","SA",18.3,20.8204017831801,34.9634996769632,32.2603284427141,1.33821538637472,69.3533794373512,96.7095864111627,0,0
"246","feedback","simulated","Control","without","SA-conditioned","NA","1","SA",18.7,29.7165398755841,17.886557167584,20.2745953896117,0.761110721494909,50.2316255392334,9.63900746937694,0.456666432896945,0
"247","feedback","simulated","Control","without","SA-conditioned","NA","1","SA",18.7,18.2961556196741,66.638200714633,166.666995719507,2.28377938001386,476.177983209884,16.5311033769724,0.528495414148188,0
"248","feedback","simulated","Control","without","SA-conditioned","NA","1","SA",14.9,61.4753792703542,89.6152634514008,322.534525487313,1.5494926489322,336.544006086848,26.0275342688934,0,0
"249","feedback","simulated","Control","without","SA-conditioned","NA","1","SA",15.1,137.921642190261,204.291887964137,168.278002964123,5.90933655335198,591.465088924832,18.2701392198512,0,0
"250","feedback","simulated","Control","without","SA-conditioned","NA","1","SA",13.1,151.14650925886,172.71480460342,134.372650574435,4.4357693456526,722.157612675226,20.7716674456042,0,0
"251","feedback","simulated","Control","without","SA-conditioned","NA","1","SA",12,104.911688721497,293.182535252287,135.122613627287,11.2224960175229,697.238874192009,27.8701389057431,2.44860115491836,0
"252","feedback","simulated","Control","without","SA-conditioned","NA","1","SA",18.9,66.2749928683488,338.527029672979,259.155763809892,13.8944444602049,522.765310913081,0,0.420279626745461,0
"253","feedback","simulated","Control","without","SA-conditioned","NA","1","SA",10.9,84.5046726528489,219.463932361936,315.741193866592,5.88377654375082,731.523813726056,0,0,0
"254","feedback","simulated","Control","without","SA-conditioned","NA","1","SA",19.6,28.6316275283839,105.403726925654,252.788274005335,2.50364556582136,751.025012148014,0,0,0
"255","feedback","simulated","Control","without","SA-conditioned","NA","1","SA",16.2,18.043707920678,179.282831021343,3317.6657051997,3.79945411499288,414.922004829826,0,0,0
"256","feedback","real_insects","Aphid","aphid","control-conditioned","NA","1","control_plant",12.9,39.8180394583299,46.9334531144161,83.5864465159598,2.3687233353146,297.379572862386,70.0834508469257,1.46180659232261,0
"257","feedback","real_insects","Aphid","aphid","control-conditioned","NA","1","control_plant",16.8,15.9395027135238,23.8905401748296,33.8839019195499,1.6424981705596,71.30011690933,41.8655997082839,0,0
"258","feedback","real_insects","Aphid","aphid","control-conditioned","NA","1","control_plant",18.5,32.3154351950206,15.0115282035041,33.0983933245356,1.44711486376188,59.0547854798225,46.309148325904,0.476489040506961,0
"259","feedback","real_insects","Aphid","aphid","control-conditioned","NA","1","control_plant",17.9,82.4192551190632,42.9856221277058,60.3120457654196,2.38188824342533,111.87732046124,54.2600807788385,2.05146459774165,0
"260","feedback","real_insects","Aphid","aphid","control-conditioned","NA","1","control_plant",14.1,45.1671816112278,48.4887861164801,613.810386616821,3.8750459595682,182.887252154487,36.794756802403,0,0
"261","feedback","real_insects","Aphid","aphid","control-conditioned","NA","1","control_plant",19.2,42.0748075570733,43.6189187895039,51.9637203850608,1.58773462984157,136.692563685118,24.4156212092192,0.340096824087136,0
"262","feedback","real_insects","Aphid","aphid","control-conditioned","NA","1","control_plant",12.9,22.9319731213245,36.2131549711694,148.448853750493,1.47812298844521,330.468838503989,29.4922066510733,1.19250958231137,0
"263","feedback","real_insects","Aphid","aphid","control-conditioned","NA","1","control_plant",16.5,25.0605000304555,655.654225895092,340.876963014368,36.9453107158926,1163.39549091699,548.890354581836,33.4488479636479,11.8041938484714
"264","feedback","real_insects","Aphid","aphid","control-conditioned","NA","1","control_plant",13.2,334.021542993105,24.8323766303006,217.079497598839,1.86925910093673,473.591655703539,0,0.876863223260337,0
"265","feedback","real_insects","Aphid","aphid","control-conditioned","NA","1","control_plant",15.8,128.532531272582,60.43295259092,171.472997372056,1.32126529476091,626.6427431736,0,0,0
"266","feedback","real_insects","Chewer","caterpillar","control-conditioned","NA","1","control_plant",16.7,20.0866066770402,1589.06136771044,547.249339042375,59.0781115302097,1718.52473397155,619.962622525649,59.2360617884908,28.1340057063656
"267","feedback","real_insects","Chewer","caterpillar","control-conditioned","NA","1","control_plant",17.9,33.4027850290379,336.386248349686,361.45449110015,12.6746559176615,1497.85052295302,391.144264300599,18.8913237148498,6.32985343554317
"268","feedback","real_insects","Chewer","caterpillar","control-conditioned","NA","1","control_plant",18.3,31.7612847986835,71.3138817064581,58.2706582034913,4.23115028073627,157.036375913117,129.940017587841,4.92271688014643,2.59613659522983
"269","feedback","real_insects","Chewer","caterpillar","control-conditioned","NA","1","control_plant",17,13.0899230014121,39.7740550314309,41.7416232897256,2.56418649819416,88.0661852715914,76.144335587974,1.94223487948323,0
"270","feedback","real_insects","Chewer","caterpillar","control-conditioned","NA","1","control_plant",17.5,2.95524879240626,33.9687629906764,48.2112034718379,1.21105662330306,106.843806469675,73.825218667549,1.0869840071072,0
"271","feedback","real_insects","Chewer","caterpillar","control-conditioned","NA","1","control_plant",17.8,33.1578392456325,104.956391886511,114.713661598682,5.27435049389243,172.737495304594,137.63133235389,2.48478216215696,0
"272","feedback","real_insects","Chewer","caterpillar","control-conditioned","NA","1","control_plant",16.1,56.8752402851508,78.1691856645177,61.5512516998483,4.78278548055962,126.870195688547,64.2387753617415,1.85281546410218,0
"273","feedback","real_insects","Chewer","caterpillar","control-conditioned","NA","1","control_plant",15.8,47.2800898193344,142.409569923099,125.996757954698,10.4730431267451,607.702716370042,182.011005290122,3.59391969366058,3.07550988371602
"274","feedback","real_insects","Chewer","caterpillar","control-conditioned","NA","1","control_plant",16.8,85.4990495149662,837.137929285243,295.996560062776,21.7927734564292,1361.68300831214,363.447616148879,9.33237069439589,2.84218057320575
"275","feedback","real_insects","Chewer","caterpillar","control-conditioned","NA","1","control_plant",18.6,68.8490992035981,1988.32024829151,459.34111338943,75.8811061767029,1539.91622542688,742.000507366429,62.2651352444067,16.9088504670499
"276","feedback","real_insects","Control","without","control-conditioned","NA","1","control_plant",15.1,121.065010891121,362.186499593561,260.795808692678,7.6494796108021,839.950841982289,0,1.27037621057212,0
"277","feedback","real_insects","Control","without","control-conditioned","NA","1","control_plant",15.6,71.8764018279931,156.629438530842,516.865076163646,2.73570593648188,789.753416501563,0,0,0
"278","feedback","real_insects","Control","without","control-conditioned","NA","1","control_plant",18.1,97.7720995663195,256.390134660456,325.51931970634,6.11898493212412,749.258881417513,0,0,0
"279","feedback","real_insects","Control","without","control-conditioned","NA","1","control_plant",13.2,48.5376031132876,151.527472643175,181.845177605022,3.67406450962646,887.412444384108,0,0,0
"280","feedback","real_insects","Control","without","control-conditioned","NA","1","control_plant",15.3,16.5450141132973,27.8719293721759,66.0443129946759,1.25286893658084,68.1313829097633,19.1533215997047,1.13735619774715,0
"281","feedback","real_insects","Control","without","control-conditioned","NA","1","control_plant",10.3,28.856371818688,58.4751382407599,51.4803983564969,1.58680591000274,154.43354907022,22.4714685174032,1.1442882055231,0
"282","feedback","real_insects","Control","without","control-conditioned","NA","1","control_plant",15.2,36.5107258715423,23.616212122446,31.9698267945379,1.22811566120383,64.4356132478807,9.69079049162439,0.525859822412478,0
"283","feedback","real_insects","Control","without","control-conditioned","NA","1","control_plant",15.4,11.2759733244146,16.9787826150899,71.8058433979923,0.815263307036709,93.4246152896003,7.70448408202983,0,0
"284","feedback","real_insects","Control","without","control-conditioned","NA","1","control_plant",16.7,62.2254449561849,146.638734552664,135.145297183985,4.04858875393066,317.013604988869,75.8388997328226,3.25214506463283,0
"285","feedback","real_insects","Control","without","control-conditioned","NA","1","control_plant",13.3,35.7296333393517,211.306887892344,190.90696763126,4.29358198459416,767.59146872593,17.7368970376223,0,0
"286","feedback","real_insects","Aphid","aphid","non-conditioned","NA","1","control_live",17.9,358.195404630457,223.574827762797,372.042630387179,18.3840959424986,556.759806598937,0,0,0
"287","feedback","real_insects","Aphid","aphid","non-conditioned","NA","1","control_live",15,135.451132686084,86.3076892765567,585.560478300224,1.2519481737803,742.58838629052,0,1.14619778307951,0
"288","feedback","real_insects","Aphid","aphid","non-conditioned","NA","1","control_live",19.4,250.547091687169,27.835178763845,274.371837420653,0.625214961254466,548.171524747823,0,0,0
"289","feedback","real_insects","Aphid","aphid","non-conditioned","NA","1","control_live",11.7,1465.59657117327,518.759512836204,263.288072961687,24.5182714618619,539.898326451376,0,0,0
"290","feedback","real_insects","Aphid","aphid","non-conditioned","NA","1","control_live",19.7,178.882237889523,32.6339204923803,223.605215567086,0.973777273842935,734.67176041533,0,0.419957853948436,0
"291","feedback","real_insects","Aphid","aphid","non-conditioned","NA","1","control_live",15.7,463.747697361571,105.502932458851,229.827956291414,1.7982060085368,1012.38821971369,0,0,0
"292","feedback","real_insects","Aphid","aphid","non-conditioned","NA","1","control_live",16,66.8512594997522,43.6284031696112,37.2851864824251,1.1192204958429,90.1473807541701,0,0,0
"293","feedback","real_insects","Aphid","aphid","non-conditioned","NA","1","control_live",17.5,66.0893356300056,36.7598827028779,31.0522630899908,1.83771869403499,79.1656019884318,0,0,0
"294","feedback","real_insects","Aphid","aphid","non-conditioned","NA","1","control_live",16.8,68.5927072754432,8.31750955114914,30.1341676731008,0.87640370660341,61.3369706585864,0,0,0
"295","feedback","real_insects","Aphid","aphid","non-conditioned","NA","1","control_live",16.1,68.235135773835,22.1462002756935,218.647842960158,0.902504330969142,81.685554545286,0,0.74647815849651,0
"296","feedback","real_insects","Chewer","caterpillar","non-conditioned","NA","1","control_live",15,40.0164486699019,485.812678857254,288.441552573314,15.023656357305,699.487477971253,449.682839943305,11.5927266553892,5.40670543035168
"297","feedback","real_insects","Chewer","caterpillar","non-conditioned","NA","1","control_live",15.5,83.5101222171468,227.301059300221,292.188033947973,2.642293307833,1702.77819169674,153.213830004322,0.662987114998293,6.59125054134226
"298","feedback","real_insects","Chewer","caterpillar","non-conditioned","NA","1","control_live",17.7,54.3603682145696,999.565406345068,274.928661612142,48.2322251917987,1492.84338393195,433.937865159697,17.1868317219986,6.0778307765083
"299","feedback","real_insects","Chewer","caterpillar","non-conditioned","NA","1","control_live",15.8,81.9751493030179,783.157360727987,378.81217388287,29.9469922347966,1347.27709032939,535.543496278066,29.1680962653107,7.20946109356215
"300","feedback","real_insects","Chewer","caterpillar","non-conditioned","NA","1","control_live",19.6,76.5221674657959,399.140666751007,384.951032493527,11.9767915379244,1776.39710916343,590.557949082903,9.71654037830763,5.33063728543328
"301","feedback","real_insects","Chewer","caterpillar","non-conditioned","NA","1","control_live",17.9,38.7823584161403,1452.16682152794,837.364229855621,65.4134693863815,1983.28972047418,776.539287108985,61.7367166584943,25.0615701014281
"302","feedback","real_insects","Chewer","caterpillar","non-conditioned","NA","1","control_live",17.2,65.7622218479184,167.519841317013,395.003760781204,6.15366021496957,1563.98791589407,445.957568833555,11.1441112606733,5.5521959615931
"303","feedback","real_insects","Chewer","caterpillar","non-conditioned","NA","1","control_live",10.9,124.645004265504,380.016058242828,427.118103907274,20.9792326887187,1930.14528329249,532.245588268504,21.1578677393355,5.57922960414836
"304","feedback","real_insects","Chewer","caterpillar","non-conditioned","NA","1","control_live",14.9,6.70924956905709,32.0253038049324,33.4628206226298,4.2009414637206,110.030510878388,56.0994976996746,0,0
"305","feedback","real_insects","Chewer","caterpillar","non-conditioned","NA","1","control_live",19.3,16.6538043313436,24.5836362734697,24.30750321665,1.95663397915295,44.8289837927977,17.808989704502,0,0
"306","feedback","real_insects","Control","without","non-conditioned","NA","1","control_live",10.6,34.779134937777,22.6116482496326,26.8112250734367,1.80053901957291,78.9393928714909,0,0,0
"307","feedback","real_insects","Control","without","non-conditioned","NA","1","control_live",15.7,107.242286274468,198.96379883362,179.673297808413,8.31878185432164,306.737452330792,0,0,0
"308","feedback","real_insects","Control","without","non-conditioned","NA","1","control_live",14.1,103.256971478158,72.8516551398593,160.336242929724,1.49379074143642,353.00864492941,0,0,0
"309","feedback","real_insects","Control","without","non-conditioned","NA","1","control_live",18.4,224.213967988442,304.396343868724,296.274317009834,9.35754823220826,620.465081611831,0,0,0
"310","feedback","real_insects","Control","without","non-conditioned","NA","1","control_live",15.1,204.803115565073,177.841443487706,267.912240362211,4.65513804276269,687.937201038527,0,0,0
"311","feedback","real_insects","Control","without","non-conditioned","NA","1","control_live",15.8,187.250311542934,197.7140486113,464.046156174412,3.3255736614566,1091.36441257283,0,0,0
"312","feedback","real_insects","Control","without","non-conditioned","NA","1","control_live",17.1,149.165631871454,297.26809940652,214.357332363949,7.99951991456707,715.764349262695,0,0,0
"313","feedback","real_insects","Control","without","non-conditioned","NA","1","control_live",13.3,65.4098417277155,150.252615037583,203.565654723816,5.07186924543902,511.605628521793,0,0,0
"314","feedback","real_insects","Control","without","non-conditioned","NA","1","control_live",17.4,129.497442467712,203.300805025788,238.374227570949,5.41592442502905,656.696991089101,0,0,0
"315","feedback","real_insects","Control","without","non-conditioned","NA","1","control_live",12.9,234.328207548084,347.926326889737,249.817518368066,8.07868306558401,988.131030299368,0,0,0
"316","feedback","real_insects","Aphid","aphid","JA-conditioned","NA","1","caterpillar",11.8,68.289712984468,25.104214855527,22.7318075445713,1.32446266075448,87.4966922214374,0,0,0
"317","feedback","real_insects","Aphid","aphid","JA-conditioned","NA","1","caterpillar",16.7,25.2170421332866,41.6627452718802,34.4110884106118,1.31711262803489,65.6976124528318,0,0,0
"318","feedback","real_insects","Aphid","aphid","JA-conditioned","NA","1","caterpillar",14.8,27.1402059128468,17.878045680972,39.5463518316069,1.3366601318838,66.9144071790023,0,0,0
"319","feedback","real_insects","Aphid","aphid","JA-conditioned","NA","1","caterpillar",11.5,83.6994525622602,52.7480746593163,122.458092674738,2.52819343049925,469.763839913385,0,0,0
"320","feedback","real_insects","Aphid","aphid","JA-conditioned","NA","1","caterpillar",13.5,164.868501890761,90.1245722795305,141.617757084997,2.06404137056834,599.687105221327,0,0,0
"321","feedback","real_insects","Aphid","aphid","JA-conditioned","NA","1","caterpillar",14,2549.48687113124,698.193640720012,106.316697154421,53.2245356779027,712.166105017313,0,0,0
"322","feedback","real_insects","Aphid","aphid","JA-conditioned","NA","1","caterpillar",14.2,341.413270808927,136.882060992675,217.34036896626,2.8324540385023,817.350162599463,0,0,0
"323","feedback","real_insects","Aphid","aphid","JA-conditioned","NA","1","caterpillar",19.5,837.143169682369,301.682250798249,189.266866122665,12.5599973813318,708.511831122152,0,0.312318221035413,0
"324","feedback","real_insects","Aphid","aphid","JA-conditioned","NA","1","caterpillar",17.4,464.03693053304,280.192602456817,200.148188070811,13.4871438114126,707.02871149262,0,0,0
"325","feedback","real_insects","Aphid","aphid","JA-conditioned","NA","1","caterpillar",16.3,453.975562730661,120.732378271294,255.10545399405,4.4841121043421,941.951624532473,0,0,0
"326","feedback","real_insects","Chewer","caterpillar","JA-conditioned","NA","1","caterpillar",16.4,169.245909501489,457.310065231765,178.394999479915,15.9564040860131,2170.01297309662,470.391551303533,9.74151044550644,5.25918607528489
"327","feedback","real_insects","Chewer","caterpillar","JA-conditioned","NA","1","caterpillar",17.8,162.617043035303,542.731201248608,382.533845976235,26.0920400291886,1727.78131411613,710.293415419442,12.7673026132633,5.01947026433724
"328","feedback","real_insects","Chewer","caterpillar","JA-conditioned","NA","1","caterpillar",19.8,61.8913255569022,333.96551581784,331.651884221341,13.7468943831225,1242.55582623588,231.391136933969,21.7226972889829,12.0056358073826
"329","feedback","real_insects","Chewer","caterpillar","JA-conditioned","NA","1","caterpillar",17.7,146.928354565498,449.270057598248,454.912816026218,16.1748010160468,1713.26916508165,761.488945027406,23.7939322546068,7.05818367618205
"330","feedback","real_insects","Chewer","caterpillar","JA-conditioned","NA","1","caterpillar",11.2,57.2487151906299,139.827978116813,60.8670149737351,5.04418615637587,748.64674834335,113.677955000771,3.97743983931753,2.24397707409772
"331","feedback","real_insects","Chewer","caterpillar","JA-conditioned","NA","1","caterpillar",15.5,81.5239872933048,2055.51739392363,388.524490455749,67.226283359408,1738.35644149822,699.820603279826,64.9756753994059,11.0461199245947
"332","feedback","real_insects","Chewer","caterpillar","JA-conditioned","NA","1","caterpillar",17.7,187.025411899964,272.545945774256,271.386692865676,9.45766609658366,2090.90013522497,371.848506116402,14.6130501818909,3.97378868391968
"333","feedback","real_insects","Chewer","caterpillar","JA-conditioned","NA","1","caterpillar",10.8,125.759487087071,1001.77403204439,376.975334962744,43.8225931454646,1537.72738208976,1003.47119269462,68.600042193916,18.3226181943599
"334","feedback","real_insects","Chewer","caterpillar","JA-conditioned","NA","1","caterpillar",18.4,121.072243877749,729.103987053275,425.306735808783,22.3105570801892,1819.81515056032,450.557012149334,14.1995970280518,5.75639818482059
"335","feedback","real_insects","Chewer","caterpillar","JA-conditioned","NA","1","caterpillar",18,178.108247904675,361.502596760929,507.24264328746,30.5834689461333,1867.44690199259,824.252314714228,9.41029813727179,6.86089465785154
"336","feedback","real_insects","Control","without","JA-conditioned","NA","1","caterpillar",12,230.182389275123,93.1639172616871,331.41022802151,1.32824720766212,755.209693424557,0,0,0
"337","feedback","real_insects","Control","without","JA-conditioned","NA","1","caterpillar",18.7,87.5632753701365,152.986420790897,316.03087402913,2.08039990748104,745.618880156473,0,0,0
"338","feedback","real_insects","Control","without","JA-conditioned","NA","1","caterpillar",17.8,146.496774728584,206.611929220922,481.225767640002,4.70370913999432,636.467724171416,0,0,0
"339","feedback","real_insects","Control","without","JA-conditioned","NA","1","caterpillar",13.8,173.497990354715,162.758929352877,258.095814323636,3.32634995319164,692.827093158013,0,0,0
"340","feedback","real_insects","Control","without","JA-conditioned","NA","1","caterpillar",18.3,103.898080172684,141.831407964286,199.322836377787,4.54589199736302,640.724639263777,0,0,0
"341","feedback","real_insects","Control","without","JA-conditioned","NA","1","caterpillar",15.1,265.457717516735,140.146085361842,255.308116109331,2.34657207511622,789.782360497708,0,0,0
"342","feedback","real_insects","Control","without","JA-conditioned","NA","1","caterpillar",18.8,93.7828969605412,124.859498329726,180.268210691714,1.98380434370787,624.158553037731,0,0,0
"343","feedback","real_insects","Control","without","JA-conditioned","NA","1","caterpillar",18.1,41.1263499100276,67.7377092200979,165.558297963369,1.07971258699261,542.66509476162,0,0,0
"344","feedback","real_insects","Control","without","JA-conditioned","NA","1","caterpillar",11.8,50.9587678867603,176.318468952625,200.53259674946,5.05189770175301,683.803274078012,0,0,0
"345","feedback","real_insects","Control","without","JA-conditioned","NA","1","caterpillar",19.1,117.135858341738,91.5000475685394,212.149826706486,1.85169632526593,653.700841934433,0,0,0
"346","feedback","real_insects","Aphid","aphid","SA-conditioned","NA","1","aphid",16,1176.90605076835,375.999790893408,161.38540739909,38.4970436988877,656.127943361986,0,0,0
"347","feedback","real_insects","Aphid","aphid","SA-conditioned","NA","1","aphid",19.4,123.337784319432,55.7266472458569,203.744895001791,0.936692567399969,1002.95853845097,0,0,0
"348","feedback","real_insects","Aphid","aphid","SA-conditioned","NA","1","aphid",18,556.217488348718,312.955035503405,202.950049817799,9.96753151855604,682.258507568631,0,0,0
"349","feedback","real_insects","Aphid","aphid","SA-conditioned","NA","1","aphid",18.3,894.953904268475,102.655249000408,134.252069631565,3.29571933624012,590.896453425786,0,0,0
"350","feedback","real_insects","Aphid","aphid","SA-conditioned","NA","1","aphid",13.6,1158.30618020138,313.411584216908,177.442224322827,19.1079132473427,693.754496556922,0,0,0
"351","feedback","real_insects","Aphid","aphid","SA-conditioned","NA","1","aphid",11.5,58.7334860356427,95.4676815264637,238.040437928473,1.63479271533174,1002.43492335922,0,0,0
"352","feedback","real_insects","Aphid","aphid","SA-conditioned","NA","1","aphid",15.8,329.09390137717,112.307895323082,258.678082208423,3.14397771599578,532.06131457704,0,0,0
"353","feedback","real_insects","Aphid","aphid","SA-conditioned","NA","1","aphid",17.9,371.859526202466,157.718288555808,210.514998583029,4.15998770090593,796.943124046759,12.7363139332745,0,0
"354","feedback","real_insects","Aphid","aphid","SA-conditioned","NA","1","aphid",17,439.606787969441,54.9818796140859,185.489918346942,1.96108772571891,712.32420879292,0,0,0
"355","feedback","real_insects","Aphid","aphid","SA-conditioned","NA","1","aphid",16.9,1488.16829073814,325.425761824601,158.936361209036,10.5611882250084,854.018939098291,0,0,0
"356","feedback","real_insects","Chewer","caterpillar","SA-conditioned","NA","1","aphid",15.7,234.770278804577,344.268617254609,201.523806732138,11.2521798064897,2560.16534152276,1011.67522904886,12.7217312070497,13.4983014884466
"357","feedback","real_insects","Chewer","caterpillar","SA-conditioned","NA","1","aphid",12.4,105.978473308061,550.922820675847,467.164188524143,16.1787096944031,1596.46944848515,523.18160650891,16.7289828353843,5.73371025911241
"358","feedback","real_insects","Chewer","caterpillar","SA-conditioned","NA","1","aphid",17.7,45.6948728630726,58.7597216657114,79.9441860405995,2.02024095518082,848.605522373495,153.063130132407,3.74916932245162,0.836043443351499
"359","feedback","real_insects","Chewer","caterpillar","SA-conditioned","NA","1","aphid",18.1,58.2373260008226,771.809381942575,441.436294413352,40.4046330722621,1931.15147921153,857.850862351524,73.4669435856638,12.1950202325165
"360","feedback","real_insects","Chewer","caterpillar","SA-conditioned","NA","1","aphid",19.2,113.28089417766,958.945991632906,377.753770640866,45.2671543611968,1477.09378039682,554.181304360144,13.4904179958925,7.44544607662397
"361","feedback","real_insects","Chewer","caterpillar","SA-conditioned","NA","1","aphid",18.3,172.952261273909,513.318779171177,403.751685197124,20.1617880383328,2606.14067555214,837.854966882137,17.0108458282509,15.7405706964378
"362","feedback","real_insects","Chewer","caterpillar","SA-conditioned","NA","1","aphid",17.1,231.151290982058,742.823513581077,441.081983964827,30.6120558704753,2195.75745466673,478.413998819233,17.8275799535518,24.5915305101701
"363","feedback","real_insects","Chewer","caterpillar","SA-conditioned","NA","1","aphid",17.4,116.461408227973,71.568290134312,192.236780941007,1.20397825311215,731.181665264929,0,0,0
"364","feedback","real_insects","Chewer","caterpillar","SA-conditioned","NA","1","aphid",13.8,10.0410944664236,97.5285211315001,52.3196927000613,2.35902152614326,340.234553016712,87.5487690677681,4.12613265717627,1.91939875695944
"365","feedback","real_insects","Chewer","caterpillar","SA-conditioned","NA","1","aphid",13.7,362.191162199489,615.47479331929,423.5747026133,40.5162616412845,1620.29385851383,920.251278529356,37.8687579634409,12.8529999979119
"366","feedback","real_insects","Control","without","SA-conditioned","NA","1","aphid",12.4,141.397007719172,147.483550270262,294.035269908545,2.31119773565181,952.233788462722,0,0.976611374012267,0
"367","feedback","real_insects","Control","without","SA-conditioned","NA","1","aphid",15.1,61.4696058321652,93.2738549341113,263.130085175126,2.20939388960962,650.148457698321,0,0,0
"368","feedback","real_insects","Control","without","SA-conditioned","NA","1","aphid",13.1,109.520104805851,120.882594119052,221.087630599106,1.83438102117024,770.461182214763,0,0,0
"369","feedback","real_insects","Control","without","SA-conditioned","NA","1","aphid",17.8,100.799904510855,87.2403262753887,179.01067436726,1.37593774308728,769.985958565758,0,0,0
"370","feedback","real_insects","Control","without","SA-conditioned","NA","1","aphid",17.2,36.7970003163014,127.660222669959,186.157560574612,3.57025788582266,618.449408207894,0,0,0
"371","feedback","real_insects","Control","without","SA-conditioned","NA","1","aphid",13.4,231.577384176374,419.23374931603,196.614081525407,9.13616961766957,1051.212334943,0,0,0
"372","feedback","real_insects","Control","without","SA-conditioned","NA","1","aphid",18.3,47.776751183911,178.575894947751,203.900467589475,4.82115512807065,661.694339234942,0,0,0
"373","feedback","real_insects","Control","without","SA-conditioned","NA","1","aphid",16.8,70.5769018856283,171.345289648254,216.839867356625,2.79898641924735,815.550448403318,0,0,0
"374","feedback","real_insects","Control","without","SA-conditioned","NA","1","aphid",16.6,57.8835477201245,149.218588258037,221.494590682653,2.87675173632516,740.072691175551,0,0,0
"375","feedback","real_insects","Control","without","SA-conditioned","NA","1","aphid",15.3,600.430677315867,250.069349361568,323.144680193796,12.496937312502,408.513884014404,0,0,0
"376","conditioning","simulated","Control","mock","NA","Control","1","non_conditioned",20.2,40.4792562716486,81.5499935439588,103.322368257441,1.30527522205597,352.912307044607,0,0,0
"377","conditioning","simulated","Control","mock","NA","Control","1","non_conditioned",22.3,516.858688073232,63.3074043254516,725.038906923746,2.66649845744498,114.053235544756,0,0.695296640785384,0
"378","conditioning","simulated","Control","mock","NA","Control","1","non_conditioned",19.6,397.469530090104,82.2481708465559,336.595631921617,2.84269370347479,263.089288483198,0,0,0
"379","conditioning","simulated","Control","mock","NA","Control","1","non_conditioned",18.4,449.94096653128,94.1478446393705,303.979366249079,2.30464620123593,230.986038177248,23.5864531178237,0,0
"380","conditioning","simulated","JA","MeJA","NA","JA","1","non_conditioned",19.1,386.551925057236,186.436520604541,904.601121195216,6.67028203912423,386.472386689509,1130.42370570199,6.74766350129505,2.93607376465263
"381","conditioning","simulated","JA","MeJA","NA","JA","1","non_conditioned",20.1,329.415147072349,279.033765279925,155.441688189226,4.38725167370957,573.782219967571,752.812045264187,1.57230984838146,3.65392974173596
"382","conditioning","simulated","JA","MeJA","NA","JA","1","non_conditioned",19.5,275.086331685881,508.152749459483,1437.10673530099,16.9326651505089,338.825121484823,776.370430019912,6.10797954167447,3.35433144819906
"383","conditioning","simulated","JA","MeJA","NA","JA","1","non_conditioned",20.5,467.297215038357,513.561856749969,146.518443965544,12.8832073542744,415.788038149501,758.06338181465,1.4219145693886,4.04529183694277
"384","conditioning","simulated","SA","SA","NA","SA","1","non_conditioned",19.2,2345.14668405363,51.707660755891,341.731655495285,1.65517195489948,235.474768754273,12.9632471597119,0,0
"385","conditioning","simulated","SA","SA","NA","SA","1","non_conditioned",18.8,3099.46473251269,109.264748344251,143.636380184177,4.47087151501769,226.185078411203,0,0,0
"386","conditioning","simulated","SA","SA","NA","SA","1","non_conditioned",20.1,3549.08935477585,109.499435805039,459.380971357685,5.35598963987182,277.549710517485,19.8608572505297,0,0
"387","conditioning","simulated","SA","SA","NA","SA","1","non_conditioned",20,2550.00623341199,121.170035048642,176.190695842544,4.3723016810979,195.237315339513,14.5435487569197,0,0
"388","conditioning","real_insects","Control","without","NA","Control","1","non_conditioned",19,221.074050187041,150.266718065554,252.842321534486,10.9690341782426,164.11440706275,46.0303470175129,0,1.34453638492034
"389","conditioning","real_insects","Control","without","NA","Control","1","non_conditioned",21.8,71.3213561521696,38.6965910193227,276.774038453342,3.20440125438417,76.6698812719291,0,0,0
"390","conditioning","real_insects","Control","without","NA","Control","1","non_conditioned",19.1,34.6863664899835,55.134033792213,140.814590529248,3.89368298606548,91.1842673590915,0,0,0
"391","conditioning","real_insects","Control","without","NA","Control","1","non_conditioned",20.4,28.2115269970062,34.6198979064014,151.246770818598,4.35938810590417,49.0171446700383,0,0,0
"392","conditioning","real_insects","Control","without","NA","Control","1","non_conditioned",20.7,26.4290714177304,46.6338659667311,247.67504956303,5.07916723756654,65.1065946389075,0,0,0.47329440901182
"393","conditioning","real_insects","Chewer","caterpillar","NA","JA","1","non_conditioned",17.4,132.92538186542,271.333966429151,342.923849005008,27.726059955312,359.464258386947,1728.56121638251,100.482766899787,21.1995838798334
"394","conditioning","real_insects","Chewer","caterpillar","NA","JA","1","non_conditioned",19.9,211.183590844146,329.503010714222,230.033914655613,19.0403405404635,190.267736549811,874.556029458014,21.5629636803455,8.7881997472425
"395","conditioning","real_insects","Chewer","caterpillar","NA","JA","1","non_conditioned",18.4,88.4607047544996,619.274977571684,244.111534796259,34.0125024851334,354.883449093371,1193.81546427073,45.2814222052062,9.59166435391788
"396","conditioning","real_insects","Chewer","caterpillar","NA","JA","1","non_conditioned",20.6,69.9562896747527,341.765687880553,1354.31833994155,28.8726341127795,230.954065296481,402.526635131878,5.2804197486207,1.37231247704267
"397","conditioning","real_insects","Chewer","caterpillar","NA","JA","1","non_conditioned",17.6,130.772834009573,277.708376160281,228.412398688285,14.22468177146,129.224054776325,751.023893483452,14.138323958713,5.71511576154084
"398","conditioning","real_insects","Aphid","aphid","NA","SA","1","non_conditioned",17.5,5567.79202707543,29.4298708076386,120.079741934719,5.74500321703576,47.2547954543034,0,0,0
"399","conditioning","real_insects","Aphid","aphid","NA","SA","1","non_conditioned",15.9,3908.69323942368,115.438415236508,96.3810471334411,21.5794088858664,67.7732070895059,0,1.43733454670547,0
"400","conditioning","real_insects","Aphid","aphid","NA","SA","1","non_conditioned",20.5,3946.67978005608,56.8470402485945,80.6433678303689,5.54026296222901,74.8415084008045,28.636357919646,0,0.588676225979949
"401","conditioning","real_insects","Aphid","aphid","NA","SA","1","non_conditioned",19.5,6080.81781488411,44.7899240586838,75.883832443083,8.43555110390209,89.2215287248981,25.5784920162822,2.236457546923,0.677714408158485
